"kingdom","phylum","class","order","family","genus","species","feature_id","rank_clean","PCoA1","PCoA2","p_value","z_value","clFDR","clFDR_rank","avgFDR_at_rank"
"k__Bacteria","p__Proteobacteria","c__Gammaproteobacteria","o__Enterobacteriales","f__Enterobacteriaceae","g__Enterobacter",NA,"OTU_45","Enterobacter",0.385410667716506,-0.268279462232604,0.576937769350294,-0.557863248164577,0.0420911645308085,15,0.0311067774582249
"k__Bacteria","p__Bacteroidetes","c__Sphingobacteriia","o__Sphingobacteriales","f__unclassified Sphingobacteriales","g__unclassified Sphingobacteriales",NA,"OTU_1144","unclassified Sphingobacteriales",-0.659251969994921,-0.243979012797156,0.510357848868694,-0.658280588604383,0.0439130390108261,17,0.0325305148989686
"k__Bacteria","p__Firmicutes","c__Clostridia","o__Clostridiales","f__Eubacteriaceae","g__Anaerofustis",NA,"OTU_784","Anaerofustis",-0.0475047522038101,0.0542661819762401,0.243037765851448,-1.16742751248376,0.0472541335086846,20,0.0345397692955814
"k__Bacteria","p__Bacteroidetes","c__Bacteroidia","o__Bacteroidales","f__Prevotellaceae","g__unclassified Prevotellaceae",NA,"OTU_842","unclassified Prevotellaceae",-0.788971638848328,-0.292723978398387,0.510357848868694,-0.658280588604383,0.060241513238717,30,0.041253171291085
"k__Bacteria","p__Proteobacteria","c__Betaproteobacteria","o__Neisseriales","f__Neisseriaceae","g__Eikenella",NA,"OTU_1101","Eikenella",0.457200673207905,-0.302990737152034,0.243037765851448,-1.16742751248376,0.0617719682185876,31,0.0419150679661657
"k__Bacteria","p__Firmicutes","c__Erysipelotrichi","o__Erysipelotrichales","f__Erysipelotrichaceae","g__Catenibacterium",NA,"OTU_188","Catenibacterium",0.0999974681821695,0.346992215545336,0.0612694034876252,-1.87154626498916,0.0628144353423534,32,0.0425681731966716
"k__Bacteria","p__Firmicutes","c__Erysipelotrichi","o__Erysipelotrichales","f__Erysipelotrichaceae","g__Eubacterium",NA,"OTU_124","Eubacterium",0.102650205095543,0.365870464797753,0.159148665986001,-1.40794057870108,0.0640825407278104,34,0.0437972931279326
"k__Bacteria","p__Firmicutes","c__Erysipelotrichi","o__Erysipelotrichales","f__Erysipelotrichaceae","g__Bulleidia",NA,"OTU_463","Bulleidia",0.0868203900346031,0.235796060471152,0.042813464594979,-2.02552518956886,0.0641076002029461,35,0.0443775876157901
"k__Bacteria","p__Firmicutes","c__Clostridia","o__Clostridiales","f__Ruminococcaceae","g__Papillibacter",NA,"OTU_649","Papillibacter",-0.229893888304216,0.0275586635029508,0.172495855113239,-1.36422788309123,0.0647069561943993,36,0.0449422922985293
"k__Bacteria","p__Tenericutes","c__Mollicutes","o__Anaeroplasmatales","f__Anaeroplasmataceae","g__Anaeroplasma",NA,"OTU_1127","Anaeroplasma",0.0982584585111028,0.328743347418716,0.172495855113239,-1.36422788309123,0.0650033584543349,37,0.0454844832757132
"k__Bacteria","p__Bacteroidetes","c__Bacteroidia","o__Bacteroidales","f__Rikenellaceae","g__unclassified Rikenellaceae",NA,"OTU_10","unclassified Rikenellaceae",-0.820570026082174,-0.306714837611177,0.67198262382055,-0.423428542558118,0.0660404516252585,38,0.0460254298112276
"k__Bacteria","p__Firmicutes","c__Bacilli","o__Lactobacillales","f__Enterococcaceae","g__unclassified Enterococcaceae",NA,"OTU_1416","unclassified Enterococcaceae",0.0849146548786297,0.213207231771663,0.0820873968796232,-1.73870084757938,0.0664761911787541,39,0.0465498083078308
"k__Bacteria","p__Tenericutes","c__RF3","o__ML615J-28","f__unclassified ML615J-28","g__unclassified ML615J-28",NA,"OTU_179","unclassified ML615J-28",0.0880222026571596,0.245392123162553,0.172495855113239,-1.36422788309123,0.0672067834420816,40,0.0470662326861871
"k__Bacteria","p__Firmicutes","c__Erysipelotrichi","o__Erysipelotrichales","f__Erysipelotrichaceae","g__Anaerorhabdus",NA,"OTU_599","Anaerorhabdus",0.0864377251738202,0.233719942364501,0.172495855113239,-1.36422788309123,0.0681473222238689,41,0.0475804056017403
"k__Bacteria","p__Tenericutes","c__Mollicutes","o__Acholeplasmatales","f__Acholeplasmataceae","g__'Solanum",NA,"OTU_704","'Solanum",-0.0853923831608457,0.0580274851613009,0.346209601161952,-0.941966871658227,0.069356047644657,42,0.0480988732694288
"k__Bacteria","p__Firmicutes","c__Bacilli","o__Lactobacillales","f__Leuconostocaceae","g__unclassified Leuconostocaceae",NA,"OTU_398","unclassified Leuconostocaceae",0.0968342158956234,0.307089989012427,0.172495855113239,-1.36422788309123,0.0696476453887895,44,0.0490728487429954
"k__Bacteria","p__Firmicutes","c__Clostridia","o__Clostridiales","f__Clostridiaceae","g__Sarcina",NA,"OTU_446","Sarcina",-0.0852795454653394,0.0564961943885175,0.346209601161952,-0.941966871658227,0.0698675356758508,45,0.0495349528970588
"k__Bacteria","p__Firmicutes","c__Clostridia","o__Clostridiales","f__Tissierellaceae","g__Parvimonas",NA,"OTU_422","Parvimonas",-0.0801839149845137,0.0285806779953753,0.243037765851448,-1.16742751248376,0.0702186521900228,46,0.0499845985338624
"k__Bacteria","p__Bacteroidetes","c__Bacteroidia","o__Bacteroidales","f__Odoribacteraceae","g__Odoribacter",NA,"OTU_59","Odoribacter",-0.786214421710595,-0.286096262492511,0.745740455209407,-0.324260984301053,0.0705159765804067,47,0.0504214363646399
"k__Bacteria","p__Firmicutes","c__Erysipelotrichi","o__Erysipelotrichales","f__Erysipelotrichaceae","g__RFN20",NA,"OTU_296","RFN20",0.112911646655273,0.454083771146058,0.243037765851448,-1.16742751248376,0.0708615859732923,48,0.0508472728148202
"k__Bacteria","p__Firmicutes","c__Clostridia","o__Clostridiales","f__Ruminococcaceae","g__Subdoligranulum",NA,"OTU_70","Subdoligranulum",-0.274703208937103,0.0815389594261218,0.204324772384109,-1.26932612483507,0.0750199996510671,49,0.051340593770662
"k__Bacteria","p__Synergistetes","c__Synergistia","o__Synergistales","f__Synergistaceae","g__Synergistes",NA,"OTU_732","Synergistes",0.177697427639899,0.00498082445814193,0.243037765851448,-1.16742751248376,0.0758141665643442,51,0.0522971490569948
"k__Bacteria","p__Bacteroidetes","c__Bacteroidia","o__Bacteroidales","f__Rikenellaceae","g__human",NA,"OTU_779","human",-0.808119922536193,-0.303949787846252,0.833760385684245,-0.209881212783265,0.0773267267459853,52,0.0527784870894754
"k__Bacteria","p__Proteobacteria","c__Gammaproteobacteria","o__Pasteurellales","f__Pasteurellaceae","g__Aggregatibacter",NA,"OTU_269","Aggregatibacter",0.450387370902174,-0.296579278957495,0.219332072233894,-1.22830612590374,0.0792569130439201,53,0.0532780800320121
"k__Bacteria","p__Firmicutes","c__Clostridia","o__Clostridiales","f__Ruminococcaceae","g__Sporobacter",NA,"OTU_1341","Sporobacter",-0.206196794745749,-0.0029812325386096,0.243037765851448,-1.16742751248376,0.0805373172899509,56,0.0547112871533185
"k__Bacteria","p__Firmicutes","c__Erysipelotrichi","o__Erysipelotrichales","f__Erysipelotrichaceae","g__unclassified Erysipelotrichaceae",NA,"OTU_117","unclassified Erysipelotrichaceae",0.101326409851424,0.357892882396212,0.329141311570167,-0.975844938285633,0.0821684629096549,57,0.055192991991149
"k__Bacteria","p__Proteobacteria","c__Gammaproteobacteria","o__Enterobacteriales","f__Enterobacteriaceae","g__Providencia",NA,"OTU_110","Providencia",0.382890737713827,-0.267005051917315,0.25863645691302,-1.12961981725956,0.0844509577874961,58,0.0556974396772929
"k__Bacteria","p__Firmicutes","c__Bacilli","o__Bacillales","f__Staphylococcaceae","g__Staphylococcus",NA,"OTU_424","Staphylococcus",0.0805789877326865,0.1790843284328,0.185376257770565,-1.3243818547181,0.0850248072249224,59,0.0561945137035239
"k__Bacteria","p__Proteobacteria","c__Gammaproteobacteria","o__Enterobacteriales","f__Enterobacteriaceae","g__Citrobacter",NA,"OTU_1328","Citrobacter",0.381780386206418,-0.266914807081651,0.25863645691302,-1.12961981725956,0.0852745217848428,60,0.0566791805048792
"k__Bacteria","p__Synergistetes","c__Synergistia","o__Synergistales","f__Synergistaceae","g__Cloacibacillus",NA,"OTU_747","Cloacibacillus",0.1797938112976,0.00927803271066451,0.346209601161952,-0.941966871658227,0.0853485830201669,61,0.0571491707100479
"k__Bacteria","p__Bacteroidetes","c__Bacteroidia","o__Bacteroidales","f__Porphyromonadaceae","g__Porphyromonas",NA,"OTU_241","Porphyromonas",-0.662519820574515,-0.241084956192485,0.105853574146059,-1.61711446915905,0.115874143257589,77,0.0661646285076578
"k__Bacteria","p__Firmicutes","c__Clostridia","o__Clostridiales","f__Lachnospiraceae","g__Epulopiscium",NA,"OTU_99","Epulopiscium",-0.0907649867366437,0.00671639017935455,0.404338457298659,-0.83389801253073,0.118694644555638,79,0.0674798014476766
"k__Bacteria","p__Firmicutes","c__Clostridia","o__Clostridiales","f__Dehalobacteriaceae","g__unclassified Dehalobacteriaceae",NA,"OTU_806","unclassified Dehalobacteriaceae",-0.0359614771945143,-0.015451055744053,0.510357848868694,-0.658280588604383,0.120156100013665,84,0.0705883010880336
"k__Bacteria","p__Firmicutes","c__Clostridia","o__Clostridiales","f__Peptococcaceae","g__unclassified Peptococcaceae",NA,"OTU_396","unclassified Peptococcaceae",-0.037634747094655,-0.00542180016926261,0.602663675521491,-0.520573841972633,0.131220410455653,85,0.0713016200217703
"k__Bacteria","p__Firmicutes","c__Bacilli","o__Bacillales","f__Planococcaceae","g__Rummeliibacillus",NA,"OTU_1356","Rummeliibacillus",0.0814197942550142,0.185695730069339,0.510357848868694,-0.658280588604383,0.132386936944497,86,0.0720119144045927
"k__Bacteria","p__Firmicutes","c__Clostridia","o__Clostridiales","f__Clostridiaceae","g__02d06",NA,"OTU_265","02d06",-0.193628454407784,-0.0189901347634829,0.482535798511518,-0.702229905289035,0.135311171253375,87,0.0727394920695212
"k__Bacteria","p__Proteobacteria","c__Alphaproteobacteria","o__Rhizobiales","f__Brucellaceae","g__Ochrobactrum",NA,"OTU_1115","Ochrobactrum",0.237141964037613,-0.159745087238468,0.346209601161952,-0.941966871658227,0.136037247734654,88,0.0734587847475341
"k__Bacteria","p__Bacteroidetes","c__Bacteroidia","o__Bacteroidales","f__Paraprevotellaceae","g__Paraprevotella",NA,"OTU_150","Paraprevotella",-0.563636354849555,-0.173100665634329,0.170406522573282,1.37089874520682,0.144051794702743,90,0.0750189187241772
"k__Bacteria","p__Firmicutes","c__Clostridia","o__Clostridiales","f__Tissierellaceae","g__WAL_1855D",NA,"OTU_375","WAL_1855D",-0.073534358034858,0.00510641780341154,0.668304251991559,-0.428476482408798,0.152401005566091,92,0.0766931322959935
"k__Bacteria","p__Firmicutes","c__Clostridia","o__Clostridiales","f__Christensenellaceae","g__Christensenella",NA,"OTU_564","Christensenella",-0.0665087517856702,-0.0121728382742271,0.0869546617065856,-1.71168539414202,0.155313188243149,93,0.0775385092416618
"k__Bacteria","p__Firmicutes","c__Clostridia","o__Clostridiales","f__Clostridiaceae","g__SMB53",NA,"OTU_200","SMB53",0.071040113412335,0.104215248470743,0.300027739072503,-1.03637390595638,0.155438277650299,94,0.0783672301821793
"k__Bacteria","p__Proteobacteria","c__Epsilonproteobacteria","o__Campylobacterales","f__Helicobacteraceae","g__Helicobacter",NA,"OTU_1015","Helicobacter",0.450072487398929,-0.283656372809243,0.874921016034103,-0.157410909587449,0.161323280120209,96,0.0800654799263915
"k__Bacteria","p__Firmicutes","c__Clostridia","o__Clostridiales","f__Dehalobacteriaceae","g__Dehalobacterium",NA,"OTU_479","Dehalobacterium",-0.037882875329062,-0.00375388741561109,0.0296176646678333,-2.17516619189947,0.172670037387476,98,0.081861106421027
"k__Bacteria","p__Firmicutes","c__Clostridia","o__Clostridiales","f__Peptostreptococcaceae","g__Peptostreptococcus",NA,"OTU_640","Peptostreptococcus",0.0763220965106946,0.145981173913795,0.568685374132392,-0.569988682594131,0.177991767373214,99,0.0828321231983219
"k__Bacteria","p__Lentisphaerae","c__Lentisphaeria","o__Victivallales","f__Victivallaceae","g__Victivallis",NA,"OTU_456","Victivallis",0.12509557497552,0.0877442127769991,0.833760385684245,-0.209881212783265,0.188688533504149,101,0.0848461465025994
"k__Bacteria","p__Fusobacteria","c__Fusobacteriia","o__Fusobacteriales","f__Fusobacteriaceae","g__unclassified Fusobacteriaceae",NA,"OTU_502","unclassified Fusobacteriaceae",0.134685964867835,0.125131458584032,0.833760385684245,-0.209881212783265,0.189176960989677,102,0.0858689976250217
"k__Bacteria","p__Firmicutes","c__Bacilli","o__Lactobacillales","f__Streptococcaceae","g__Streptococcus",NA,"OTU_540","Streptococcus",0.098785564078871,0.322289559343853,0.811882142503662,-0.237998648406575,0.205074912928724,103,0.0870263366085528
"k__Bacteria","p__Firmicutes","c__Clostridia","o__Clostridiales","f__Ruminococcaceae","g__Anaerofilum",NA,"OTU_332","Anaerofilum",-0.238062035541731,0.0353082842965546,0.744194836671005,-0.326303372756751,0.22737805533191,104,0.0883758723655082
"k__Bacteria","p__Firmicutes","c__Clostridia","o__Clostridiales","f__Peptostreptococcaceae","g__Clostridium",NA,"OTU_789","Clostridium",0.0765984069818711,0.14804851528594,0.725909715223692,-0.35057166742538,0.228909892797944,105,0.0897142916077218
"k__Bacteria","p__Cyanobacteria","c__Chloroplast","o__Streptophyta","f__unclassified Streptophyta","g__unclassified Streptophyta",NA,"OTU_307","unclassified Streptophyta",0.132894954132187,0.345538227533806,0.00248281267411943,-3.02542829600521,0.245170981579909,108,0.0937349759149251
"k__Bacteria","p__Firmicutes","c__Clostridia","o__Clostridiales","f__Lachnospiraceae","g__Lachnospira",NA,"OTU_52","Lachnospira",-0.191433759725726,-0.0552570280943959,0.435154667020617,-0.780401361018431,0.249037776564066,109,0.0951597722511557
"k__Bacteria","p__Firmicutes","c__Bacilli","o__Lactobacillales","f__Carnobacteriaceae","g__Granulicatella",NA,"OTU_309","Granulicatella",0.0861418843300419,0.222852409202865,0.929484609529384,-0.0884932996791865,0.252645630151718,111,0.0979681529126635
"k__Bacteria","p__Firmicutes","c__Clostridia","o__Clostridiales","f__Clostridiaceae","g__unclassified Clostridiaceae",NA,"OTU_399","unclassified Clostridiaceae",-0.0869266245709368,0.0626104982897884,0.864286030044674,-0.170920814301155,0.272506631458496,112,0.0995265321853941
"k__Bacteria","p__Firmicutes","c__Clostridia","o__Clostridiales","f__Lachnospiraceae","g__Butyrivibrio",NA,"OTU_25","Butyrivibrio",-0.21143337292562,-0.0374585605696105,0.453222161535637,-0.750054034925703,0.305754806625392,115,0.104854195869464
"k__Bacteria","p__Firmicutes","c__Clostridia","o__Clostridiales","f__Lachnospiraceae","g__Anaerostipes",NA,"OTU_222","Anaerostipes",-0.193184095359286,-0.055359452108033,0.73658250703976,-0.336382416892604,0.308842145725577,116,0.106612712678568
"k__Bacteria","p__Firmicutes","c__Clostridia","o__Clostridiales","f__Lachnospiraceae","g__unclassified Lachnospiraceae",NA,"OTU_46","unclassified Lachnospiraceae",-0.206899658018601,-0.0430031813435423,0.63407630372466,-0.475997296813151,0.327210204937689,117,0.108498161330355
"k__Bacteria","p__Bacteroidetes","c__Bacteroidia","o__Bacteroidales","f__Paraprevotellaceae","g__unclassified Paraprevotellaceae",NA,"OTU_478","unclassified Paraprevotellaceae",-0.50945860905125,-0.179351558899745,0.128735048957948,1.5191090506255,0.337426632214557,118,0.11043823311751
"k__Bacteria","p__Bacteroidetes","c__Bacteroidia","o__Bacteroidales","f__Bacteroidaceae","g__Bacteroides",NA,"OTU_1","Bacteroides",-0.485883688388386,-0.189071669898333,0.145825413983948,1.45443618470685,0.387347594229775,120,0.114748835639399
"k__Bacteria","p__Firmicutes","c__Clostridia","o__Clostridiales","f__Veillonellaceae","g__Phascolarctobacterium",NA,"OTU_30","Phascolarctobacterium",0.0583480087951054,0.0793645183646564,0.0130854841039634,-2.48143427164061,0.401289548423204,121,0.117116940703728
"k__Bacteria","p__Fusobacteria","c__Fusobacteriia","o__Fusobacteriales","f__Fusobacteriaceae","g__Fusobacterium",NA,"OTU_95","Fusobacterium",0.131005801163441,0.110710209288881,0.0218430881992833,-2.29308540991936,0.410997321685355,122,0.119525796285544
"k__Bacteria","p__Firmicutes","c__Clostridia","o__Clostridiales","f__Lachnospiraceae","g__Moryella",NA,"OTU_1125","Moryella",-0.242123986594918,-0.00988727329163865,0.510357848868694,-0.658280588604383,0.439658278684074,123,0.122128499394475
"k__Bacteria","p__Firmicutes","c__Clostridia","o__Clostridiales","f__Peptostreptococcaceae","g__unclassified Peptostreptococcaceae",NA,"OTU_109","unclassified Peptostreptococcaceae",0.0742941178397141,0.129878428966978,0.936634025396689,0.0795011393704234,0.44573079661279,124,0.124738195339784
"k__Bacteria","p__Firmicutes","c__Clostridia","o__Clostridiales","f__Lachnospiraceae","g__Enterocloster",NA,"OTU_27","Enterocloster",-0.237755825172558,-0.0140676294067599,0.936767852022053,-0.0793328828021918,0.457250402601157,125,0.127398292997875
"k__Bacteria","p__Firmicutes","c__Clostridia","o__Clostridiales","f__Lachnospiraceae","g__Lacrimispora",NA,"OTU_299","Lacrimispora",-0.247433330425864,-0.00392041599321356,0.913386671336086,-0.108767790918917,0.472194100210519,127,0.132795812607943
"k__Bacteria","p__Firmicutes","c__Clostridia","o__Clostridiales","f__Lachnospiraceae","g__Hungatella",NA,"OTU_100","Hungatella",-0.204451973714349,-0.0455354888742518,0.781188940240487,0.277769975955713,0.473494445831569,128,0.135457520680002
"k__Bacteria","p__Verrucomicrobia","c__Verrucomicrobiae","o__Verrucomicrobiales","f__Verrucomicrobiaceae","g__Akkermansia",NA,"OTU_6","Akkermansia",0.18486461992708,0.0206326384281932,0.809856790965847,0.240610784409936,0.507861562497752,129,0.138344373717349
"k__Bacteria","p__Firmicutes","c__Erysipelotrichi","o__Erysipelotrichales","f__Erysipelotrichaceae","g__Coprobacillus",NA,"OTU_191","Coprobacillus",0.100540729371849,0.3514507609609,0.849973498155889,0.189152240842281,0.514043410790924,130,0.141234366310223
"k__Bacteria","p__Firmicutes","c__Clostridia","o__Clostridiales","f__Lachnospiraceae","g__Blautia",NA,"OTU_22","Blautia",-0.259957870408994,0.00756118407367358,0.853142711330476,-0.185110059871781,0.517149463400752,131,0.144103947204044
"k__Archaea","p__Euryarchaeota","c__Methanobacteria","o__Methanobacteriales","f__Methanobacteriaceae","g__Methanobrevibacter",NA,"OTU_181","Methanobrevibacter",0.848328011095452,-0.453503634211983,0.34411984385435,-0.946056353730786,0.520484441350988,132,0.146955314583945
"k__Bacteria","p__Firmicutes","c__Clostridia","o__Clostridiales","f__Clostridiaceae","g__Clostridium",NA,"OTU_39","Clostridium",-0.246982658013028,-0.00517542779791524,0.234049048215039,-1.18999324203288,0.524508580571527,133,0.149794060944754
"k__Bacteria","p__Firmicutes","c__Clostridia","o__Clostridiales","f__Lachnospiraceae","g__Roseburia",NA,"OTU_23","Roseburia",-0.259836823848832,0.00640754036505402,0.936767852022053,-0.0793328828021918,0.533849366413751,134,0.152660145313925
"k__Bacteria","p__Firmicutes","c__Clostridia","o__Clostridiales","f__Lachnospiraceae","g__Ruminococcus",NA,"OTU_65","Ruminococcus",-0.239334370293977,-0.0129186387438655,0.711218486597871,0.370220119743562,0.54683562743465,135,0.155579963700005
"k__Bacteria","p__Firmicutes","c__Clostridia","o__Clostridiales","f__Lachnospiraceae","g__Dorea",NA,"OTU_85","Dorea",-0.217892172147271,-0.0333912299867743,0.63407630372466,0.475997296813151,0.55948207436658,136,0.158549832160789
"k__Bacteria","p__Firmicutes","c__Clostridia","o__Clostridiales","f__Lachnospiraceae","g__Oribacterium",NA,"OTU_724","Oribacterium",-0.254295277188833,0.00271956339190603,0.710024428990434,0.371823280666576,0.561584064557184,137,0.161491687871711
"k__Bacteria","p__Actinobacteria","c__Actinobacteria","o__Actinomycetales","f__Corynebacteriaceae","g__Corynebacterium",NA,"OTU_666","Corynebacterium",0.125397328975138,0.297627044019437,0.262390766258448,-1.12075828208487,0.581537078949816,138,0.164535495053437
"k__Bacteria","p__Proteobacteria","c__Alphaproteobacteria","o__Rickettsiales","f__mitochondria","g__Nicotiana",NA,"OTU_550","Nicotiana",0.490238177474692,-0.158622529011018,0.122656336878079,-1.54371934869244,0.58395843887459,139,0.167552926303948
"k__Bacteria","p__Actinobacteria","c__Actinobacteria","o__Actinomycetales","f__Actinomycetaceae","g__Mobiluncus",NA,"OTU_819","Mobiluncus",0.118087562913301,0.254596690122647,0.243037765851448,-1.16742751248376,0.599580035850185,140,0.170638834229279
"k__Bacteria","p__Firmicutes","c__Clostridia","o__Clostridiales","f__Veillonellaceae","g__Veillonella",NA,"OTU_144","Veillonella",0.0649557590629334,0.138416786160062,0.287137076319131,-1.06442309448897,0.604555453451288,141,0.17371625706064
"k__Bacteria","p__Cyanobacteria","c__Candidatus Melainabacteria","o__Candidatus Gastranaerophilales","f__Candidatus Gastranaerophilaceae","g__unclassified Candidatus Gastranaerophilaceae",NA,"OTU_83","unclassified Candidatus Gastranaerophilaceae",0.122472469904524,0.282927846427369,0.284864691713282,-1.06945500856524,0.606947553054186,142,0.176767181680313
"k__Bacteria","p__Actinobacteria","c__Coriobacteriia","o__Coriobacteriales","f__Coriobacteriaceae","g__Atopobium",NA,"OTU_365","Atopobium",0.110226946230412,0.212656810473803,0.243037765851448,-1.16742751248376,0.622002129643046,143,0.179880712784948
"k__Bacteria","p__Firmicutes","c__Erysipelotrichi","o__Erysipelotrichales","f__Erysipelotrichaceae","g__Holdemania",NA,"OTU_190","Holdemania",0.0817487716822862,0.196212220942098,0.728178980178206,0.347548910814352,0.641369952405765,144,0.183085499171203
"k__Bacteria","p__Firmicutes","c__Clostridia","o__Clostridiales","f__Lachnospiraceae","g__Shuttleworthia",NA,"OTU_501","Shuttleworthia",-0.278509244000325,0.024403582961361,0.752896944201843,-0.314821819174898,0.646578598022537,145,0.186282003301213
"k__Bacteria","p__Firmicutes","c__Clostridia","o__Clostridiales","f__Lachnospiraceae","g__Lactonifactor",NA,"OTU_965","Lactonifactor",-0.261438496978059,0.0090158865844773,0.243037765851448,-1.16742751248376,0.685857672112452,146,0.189703754457454
"k__Bacteria","p__Firmicutes","c__Clostridia","o__Clostridiales","f__Veillonellaceae","g__unclassified Veillonellaceae",NA,"OTU_132","unclassified Veillonellaceae",0.0592509841859531,0.0853863334275323,0.242576024259252,-1.16857222475127,0.686479717562167,147,0.193083182777894
"k__Bacteria","p__Actinobacteria","c__Actinobacteria","o__Bifidobacteriales","f__Bifidobacteriaceae","g__Scardovia",NA,"OTU_679","Scardovia",0.113570386971467,0.227982749587163,0.346209601161952,-0.941966871658227,0.691842840164927,148,0.196453180462942
"k__Bacteria","p__Actinobacteria","c__Coriobacteriia","o__Coriobacteriales","f__Coriobacteriaceae","g__Coriobacterium",NA,"OTU_573","Coriobacterium",0.131968074494035,0.344322381599827,0.510357848868694,-0.658280588604383,0.717041570270424,149,0.19994706227373
"k__Bacteria","p__Lentisphaerae","c__unclassified Lentisphaerae","o__unclassified Bacteria","f__unclassified Bacteria","g__unclassified Bacteria",NA,"OTU_1218","unclassified Bacteria",0.0404709241422419,0.0442441715246506,0.243037765851448,-1.16742751248376,0.745086138864636,150,0.203581322784336
"k__Bacteria","p__Actinobacteria","c__Coriobacteriia","o__Coriobacteriales","f__Coriobacteriaceae","g__Collinsella",NA,"OTU_60","Collinsella",0.126828678739389,0.313416214247135,0.546280389471145,-0.6033432155811,0.753570682037039,151,0.207223636421771
"k__Bacteria","p__Actinobacteria","c__Actinobacteria","o__Bifidobacteriales","f__Bifidobacteriaceae","g__Bifidobacterium",NA,"OTU_74","Bifidobacterium",0.11315591014027,0.225531035962444,0.465642539632312,-0.72958721467737,0.759251895141661,152,0.210855401281771
"k__Bacteria","p__Firmicutes","c__Clostridia","o__Clostridiales","f__Ruminococcaceae","g__Butyricicoccus",NA,"OTU_165","Butyricicoccus",-0.262861756255194,0.0703762938290785,0.832454723341084,0.211554354139178,0.777059084054223,154,0.21811294247734
"k__Bacteria","p__Firmicutes","c__Clostridia","o__Clostridiales","f__Lachnospiraceae","g__Pseudobutyrivibrio",NA,"OTU_1421","Pseudobutyrivibrio",-0.275393300733978,0.0214151906234307,0.374936228768087,-0.887265029116913,0.786476303894555,155,0.221779802873581
"k__Bacteria","p__Firmicutes","c__Clostridia","o__Clostridiales","f__Veillonellaceae","g__Selenomonas",NA,"OTU_1240","Selenomonas",0.0599833057223285,0.0922972810344378,0.510357848868694,-0.658280588604383,0.835162592446649,156,0.225711743832382
"k__Bacteria","p__Actinobacteria","c__Coriobacteriia","o__Coriobacteriales","f__Coriobacteriaceae","g__Eggerthella",NA,"OTU_218","Eggerthella",0.126034683135854,0.309192672813269,0.800134740522871,-0.25317272737383,0.868854237962114,157,0.229808192839578
"k__Bacteria","p__Firmicutes","c__Erysipelotrichi","o__Erysipelotrichales","f__Erysipelotrichaceae","g__Allobaculum",NA,"OTU_734","Allobaculum",0.0965649246437342,0.317270771379883,0.668304251991559,0.428476482408798,0.877536223001122,158,0.233907737334271
"k__Bacteria","p__Actinobacteria","c__Coriobacteriia","o__Coriobacteriales","f__Coriobacteriaceae","g__Adlercreutzia",NA,"OTU_377","Adlercreutzia",0.121485098273817,0.281801787468687,0.824086644540341,-0.222291916317345,0.902875181577969,159,0.238115079750898
"k__Bacteria","p__Actinobacteria","c__Coriobacteriia","o__Coriobacteriales","f__Coriobacteriaceae","g__Slackia",NA,"OTU_450","Slackia",0.139824868561192,0.392454333108121,0.562135882148014,0.579671921020448,0.944128803514486,161,0.246794149844855
"k__Bacteria","p__Firmicutes","c__Clostridia","o__Clostridiales","f__Veillonellaceae","g__Acidaminococcus",NA,"OTU_93","Acidaminococcus",0.0543860903509538,0.0411174819595551,0.685887528595381,-0.404442260968306,0.953476858804421,162,0.25115638878905
"k__Bacteria","p__Firmicutes","c__Clostridia","o__Clostridiales","f__Lachnospiraceae","g__Lachnobacterium",NA,"OTU_48","Lachnobacterium",-0.255351464651455,0.00212390653653679,0.216432265066036,1.23607075327304,1.07294875233332,164,0.260549209710652
"k__Bacteria","p__Firmicutes","c__Clostridia","o__Clostridiales","f__Peptostreptococcaceae","g__Proteocatella",NA,"OTU_1145","Proteocatella",-0.0899128067118012,0.00334031627057737,0.514316724664619,0.652130911148003,1.07363927275462,165,0.265477028274555
"k__Bacteria","p__Actinobacteria","c__Actinobacteria","o__Actinomycetales","f__Actinomycetaceae","g__unclassified Actinomycetaceae",NA,"OTU_1236","unclassified Actinomycetaceae",0.117946634381888,0.253788041569718,0.562135882148014,0.579671921020448,1.07943917507545,166,0.270380414701066
"k__Bacteria","p__Actinobacteria","c__Actinobacteria","o__Actinomycetales","f__Dermabacteraceae","g__Brachybacterium",NA,"OTU_1387","Brachybacterium",0.120936278956025,0.271342944962612,0.128735048957948,1.5191090506255,1.1041558162654,167,0.275373081776302
"k__Bacteria","p__Firmicutes","c__Clostridia","o__Clostridiales","f__Veillonellaceae","g__Mitsuokella",NA,"OTU_300","Mitsuokella",0.0559483353210524,0.0540284108326292,0.128735048957948,1.5191090506255,1.12160836668145,169,0.285304907915131
"k__Bacteria","p__Proteobacteria","c__Epsilonproteobacteria","o__Campylobacterales","f__Campylobacteraceae","g__Arcobacter",NA,"OTU_358","Arcobacter",0.512926539071304,-0.304201977832863,0.510357848868694,-0.658280588604383,1.23913573136621,170,0.290915677464844
"k__Bacteria","p__Actinobacteria","c__Actinobacteria","o__Bifidobacteriales","f__Bifidobacteriaceae","g__Gardnerella",NA,"OTU_1375","Gardnerella",0.116005568896219,0.242263384899575,0.0297224348664109,2.17376970382668,1.26542823539982,171,0.296614581312417
"k__Bacteria","p__Firmicutes","c__Clostridia","o__Clostridiales","f__Veillonellaceae","g__Dialister",NA,"OTU_21","Dialister",0.065084914907728,0.139629608481519,0.0995529427128958,1.64702482791447,1.42767382447185,172,0.303190507144739
"k__Bacteria","p__Deferribacteres","c__Deferribacteres","o__Deferribacterales","f__Deferribacteraceae","g__Mucispirillum",NA,"OTU_768","Mucispirillum",0.376952824749857,-0.169037948224601,0.904692158731897,0.11973615512654,1.66679288643265,173,0.311072601822704
"k__Bacteria","p__Proteobacteria","c__Epsilonproteobacteria","o__Campylobacterales","f__Campylobacteraceae","g__Campylobacter",NA,"OTU_373","Campylobacter",0.508582800018528,-0.302754476288732,0.639704665101159,0.468111766655987,1.76656029216584,174,0.319437473606285
"k__Bacteria","p__Proteobacteria","c__Deltaproteobacteria","o__Desulfovibrionales","f__Desulfovibrionaceae","g__Bilophila",NA,"OTU_55","Bilophila",0.351449774765133,-0.225365151707444,0.0612872750220272,1.87141721207728,2.09928192001464,175,0.329608013300047
"k__Bacteria","p__Proteobacteria","c__Deltaproteobacteria","o__Desulfovibrionales","f__Desulfovibrionaceae","g__unclassified Desulfovibrionaceae",NA,"OTU_204","unclassified Desulfovibrionaceae",0.350727054958876,-0.22495376161692,0.0241537264833516,-2.25467515121879,2.41211851027061,176,0.341440459305561
"k__Bacteria","p__Proteobacteria","c__Gammaproteobacteria","o__Aeromonadales","f__Aeromonadaceae","g__unclassified Aeromonadaceae",NA,"OTU_1308","unclassified Aeromonadaceae",0.383830615902214,-0.267323552663486,0.128735048957948,1.5191090506255,3.44684603054714,178,0.375021661658456
"k__Bacteria","p__Proteobacteria","c__Gammaproteobacteria","o__Pasteurellales","f__Pasteurellaceae","g__Haemophilus",NA,"OTU_107","Haemophilus",0.442535466559364,-0.293564461189083,0.181568456204983,1.33594131292986,4.70497278815962,181,0.440755011808539
"k__Bacteria","p__Firmicutes","c__Clostridia","o__Clostridiales","f__Lachnospiraceae","g__Defluviitalea",NA,"OTU_206","Defluviitalea",-0.0836765194749368,-0.015670973048258,0.240458581684841,1.17384134079205,8.55615812926032,182,0.485345138827504
